protein_1,protein_2,interaction_score,interaction_type,protein1_pathway,protein2_pathway
TGFB1,TGFBR1,0.94563005322285,high,TGFB,TGFB
CASP3,BCL2,0.9440404934620424,high,APOPTOSIS,APOPTOSIS
SMAD2,TGFB1,0.943999492188557,high,TGFB,TGFB
PSEN1,NOTCH1,0.9415025653569264,high,NOTCH,NOTCH
BCL2,BAX,0.9395285054898963,high,APOPTOSIS,APOPTOSIS
TCF7,DVL1,0.9367885787922989,high,WNT,WNT
RAF1,MAPK1,0.9366370036680353,high,MAPK,MAPK
TRAF6,NFKB1,0.936336611933653,high,NFKB,NFKB
JAK1,SOCS1,0.9331331003932939,high,JAK_STAT,JAK_STAT
PTEN,AKT1,0.93141482707804,high,PI3K,PI3K
WNT1,FZD1,0.9301245488984626,high,WNT,WNT
RAS_H,MAPK1,0.9294749504900748,high,MAPK,MAPK
FOS,MAPK1,0.9293360689213258,high,MAPK,MAPK
MAP2K1,RAF1,0.9293178323108193,high,MAPK,MAPK
TGFBR1,SMAD4,0.9290826959365147,high,TGFB,TGFB
JUN,MAP2K1,0.9290729560541463,high,MAPK,MAPK
BCL2,CASP3,0.927192907026594,high,APOPTOSIS,APOPTOSIS
IKBKB,TRAF6,0.9263290090341679,high,NFKB,NFKB
CASP8,BCL2,0.9262108918903653,high,APOPTOSIS,APOPTOSIS
RELA,IKBKB,0.9243499714216554,high,NFKB,NFKB
JUN,FOS,0.9207744560138593,high,MAPK,MAPK
MAPK1,JUN,0.92027001040671,high,MAPK,MAPK
TP53,CCND1,0.9197675176822561,high,CELL_CYCLE,CELL_CYCLE
FZD1,DVL1,0.9180524616150819,high,WNT,WNT
SMAD4,TGFB1,0.9157384656823783,high,TGFB,TGFB
PTEN,PIK3CA,0.9155663802900849,high,PI3K,PI3K
CCND1,CDK1,0.914288753064836,high,CELL_CYCLE,CELL_CYCLE
SMAD2,SMAD4,0.9137644366351585,high,TGFB,TGFB
JUN,RAS_H,0.9035810516749956,high,MAPK,MAPK
RAF1,FOS,0.902374856437368,high,MAPK,MAPK
TGFB1,SMAD4,0.9018356042322017,high,TGFB,TGFB
DVL1,FZD1,0.9006661127429183,high,WNT,WNT
RAF1,JUN,0.8998887296421968,high,MAPK,MAPK
JAK1,STAT3,0.8994844370135655,high,JAK_STAT,JAK_STAT
MAP2K1,RAS_H,0.8992908176023544,high,MAPK,MAPK
MAPK1,RAF1,0.8992671715699188,high,MAPK,MAPK
RAS_H,JUN,0.8981009396385586,high,MAPK,MAPK
AKT1,PTEN,0.8966649346657183,high,PI3K,PI3K
FOS,RAF1,0.8940469778300103,high,MAPK,MAPK
NOTCH1,PSEN1,0.8923552433782975,high,NOTCH,NOTCH
CTNNB1,FZD1,0.8895623626816579,high,WNT,WNT
TRAF6,RELA,0.8871095732870086,high,NFKB,NFKB
TGFBR1,TGFB1,0.8856868203993714,high,TGFB,TGFB
BCL2,CASP8,0.8850094771682109,high,APOPTOSIS,APOPTOSIS
TCF7,FZD1,0.8848743989084528,high,WNT,WNT
RELA,NFKB1,0.8838046626853747,high,NFKB,NFKB
JUN,RAF1,0.8805530850097297,high,MAPK,MAPK
PSEN1,ADAM10,0.8742222688098542,high,NOTCH,NOTCH
SMAD4,SMAD2,0.8733964887187884,high,TGFB,TGFB
PIK3CA,AKT1,0.8727459551676963,high,PI3K,PI3K
DVL1,TCF7,0.8720231479839274,high,WNT,WNT
CDKN1A,TP53,0.8712748032266439,high,CELL_CYCLE,CELL_CYCLE
CDKN1A,CCND1,0.8697818009564703,high,CELL_CYCLE,CELL_CYCLE
WNT1,CTNNB1,0.86940956463881,high,WNT,WNT
FOS,JUN,0.8605482783840266,high,MAPK,MAPK
WNT1,TCF7,0.8572305767765975,high,WNT,WNT
NOTCH1,DLL1,0.8568002629794673,high,NOTCH,NOTCH
SOCS1,STAT3,0.8548565898411916,high,JAK_STAT,JAK_STAT
AKT1,MTOR,0.8501800528461396,high,PI3K,PI3K
DVL1,WNT1,0.8496993006022707,high,WNT,WNT
STAT3,JAK1,0.8495660583508211,high,JAK_STAT,JAK_STAT
NFKB1,TRAF6,0.849544405412561,high,NFKB,NFKB
SOCS1,JAK1,0.8469392384805239,high,JAK_STAT,JAK_STAT
DVL1,CTNNB1,0.8462333198300397,high,WNT,WNT
PRKACA,MAPK1,0.8450276522383999,high,KINASE,MAPK
CDK1,CCND1,0.8393890780478781,high,CELL_CYCLE,CELL_CYCLE
TGFB1,SMAD2,0.8381997287570101,high,TGFB,TGFB
MTOR,AKT1,0.835405997237917,high,PI3K,PI3K
RAF1,RAS_H,0.8350459406077957,high,MAPK,MAPK
BAX,CASP3,0.8348946165599933,high,APOPTOSIS,APOPTOSIS
MTOR,PTEN,0.834205734119559,high,PI3K,PI3K
ADAM10,PSEN1,0.832728963080588,high,NOTCH,NOTCH
EGFR,HER2,0.8296412339417184,high,RTK,RTK
HER2,EGFR,0.8271436430499335,high,RTK,RTK
TCF7,WNT1,0.8267833089916167,high,WNT,WNT
CASP8,CASP3,0.8255508378904645,high,APOPTOSIS,APOPTOSIS
TCF7,CTNNB1,0.8213669464906748,high,WNT,WNT
SMAD4,TGFBR1,0.8211828147831336,high,TGFB,TGFB
FOS,RAS_H,0.8156424874992059,high,MAPK,MAPK
RAF1,MAP2K1,0.8146131662057737,high,MAPK,MAPK
MAP2K1,JUN,0.8135547211723388,high,MAPK,MAPK
NOTCH1,ADAM10,0.8128423783432756,high,NOTCH,NOTCH
CASP3,CASP8,0.810704654598998,high,APOPTOSIS,APOPTOSIS
CTNNB1,WNT1,0.7963193464916254,high,WNT,WNT
TP53,CDKN1A,0.795625035185362,high,CELL_CYCLE,CELL_CYCLE
MTOR,PIK3CA,0.7899401896443567,high,PI3K,PI3K
NFKB1,IKBKB,0.7887399114262365,high,NFKB,NFKB
STAT3,SOCS1,0.7881304444811661,high,JAK_STAT,JAK_STAT
FZD1,WNT1,0.784869599911923,high,WNT,WNT
MTOR,EGFR,0.7842885938532237,high,PI3K,RTK
MAPK1,PRKACA,0.7826484058271042,high,MAPK,KINASE
PIK3CA,PTEN,0.7802787315563117,high,PI3K,PI3K
CASP3,BAX,0.7736069107466226,high,APOPTOSIS,APOPTOSIS
MAPK1,MAP2K1,0.7731685199814274,high,MAPK,MAPK
AKT1,EGFR,0.7711321246214047,high,PI3K,RTK
CTNNB1,DVL1,0.7704368552427954,high,WNT,WNT
RAS_H,MAP2K1,0.7677133085517936,high,MAPK,MAPK
TP53,CDK1,0.7651682700796101,high,CELL_CYCLE,CELL_CYCLE
PIK3CA,MTOR,0.7651125263682007,high,PI3K,PI3K
JUN,MAPK1,0.7647358757640306,high,MAPK,MAPK
CTNNB1,TCF7,0.7636806151175091,high,WNT,WNT
NFKB1,RELA,0.7629547884584309,high,NFKB,NFKB
TRAF6,IKBKB,0.7624433350196331,high,NFKB,NFKB
BAX,CASP8,0.7488755036189345,high,APOPTOSIS,APOPTOSIS
DLL1,ADAM10,0.7465767161915631,high,NOTCH,NOTCH
CDK1,CDKN1A,0.7454469754613,high,CELL_CYCLE,CELL_CYCLE
CDKN1A,CDK1,0.7440368920134085,high,CELL_CYCLE,CELL_CYCLE
IKBKB,RELA,0.7438757224792707,high,NFKB,NFKB
MAPK1,RAS_H,0.7408516464045595,high,MAPK,MAPK
MAP2K1,FOS,0.7407610665217261,high,MAPK,MAPK
FZD1,TCF7,0.7388879595634674,high,WNT,WNT
WNT1,DVL1,0.7385215408888082,high,WNT,WNT
CCND1,CDKN1A,0.7374133794463089,high,CELL_CYCLE,CELL_CYCLE
DLL1,PSEN1,0.7324976818348026,high,NOTCH,NOTCH
CCND1,TP53,0.728246718227268,high,CELL_CYCLE,CELL_CYCLE
RELA,TRAF6,0.7273479921631361,high,NFKB,NFKB
AKT1,PIK3CA,0.7264677118925351,high,PI3K,PI3K
IKBKB,NFKB1,0.7255059156057675,high,NFKB,NFKB
FOS,MAP2K1,0.7253975723529179,high,MAPK,MAPK
ADAM10,NOTCH1,0.7214881691696614,high,NOTCH,NOTCH
DLL1,NOTCH1,0.7190772857413239,high,NOTCH,NOTCH
SMAD2,TGFBR1,0.7184834775597129,high,TGFB,TGFB
FZD1,CTNNB1,0.7160222522539621,high,WNT,WNT
MAPK1,FOS,0.7146224227535475,high,MAPK,MAPK
PTEN,MTOR,0.7125116098417292,high,PI3K,PI3K
TGFBR1,SMAD2,0.7124991548612892,high,TGFB,TGFB
ADAM10,DLL1,0.7117865691319588,high,NOTCH,NOTCH
RAS_H,FOS,0.7116666781288679,high,MAPK,MAPK
PSEN1,DLL1,0.71049090779518,high,NOTCH,NOTCH
RAS_H,RAF1,0.7072608463778809,high,MAPK,MAPK
CDK1,TP53,0.7053660038126941,high,CELL_CYCLE,CELL_CYCLE
CASP8,BAX,0.7046304209245988,high,APOPTOSIS,APOPTOSIS
MAP2K1,MAPK1,0.7040963796728607,high,MAPK,MAPK
BAX,BCL2,0.7003769317499474,high,APOPTOSIS,APOPTOSIS
PTEN,EGFR,0.6903982512457654,medium,PI3K,RTK
PIK3CA,HER2,0.6871742137566004,medium,PI3K,RTK
IKBKB,JUN,0.6865150733193838,medium,NFKB,MAPK
MTOR,HER2,0.6793197983676513,medium,PI3K,RTK
RELA,FOS,0.6782339345462647,medium,NFKB,MAPK
IKBKB,MAPK1,0.6772181656912386,medium,NFKB,MAPK
NFKB1,JUN,0.6657466763243842,medium,NFKB,MAPK
JUN,HER2,0.6624867908207068,medium,MAPK,RTK
RAF1,HER2,0.6580544204433061,medium,MAPK,RTK
PIK3CA,EGFR,0.649050558933717,medium,PI3K,RTK
RELA,RAF1,0.6428563630683417,medium,NFKB,MAPK
IKBKB,FOS,0.630581478947057,medium,NFKB,MAPK
TRAF6,MAPK1,0.6272352516610336,medium,NFKB,MAPK
AKT1,HER2,0.6191782856594146,medium,PI3K,RTK
TRAF6,JUN,0.6103394268041081,medium,NFKB,MAPK
FOS,HER2,0.604561300087411,medium,MAPK,RTK
CASP8,RAS_H,0.5974301831456945,medium,APOPTOSIS,MAPK
RELA,MAPK1,0.5962359488805058,medium,NFKB,MAPK
CCND1,MAP2K1,0.5861866060939849,medium,CELL_CYCLE,MAPK
MAP2K1,EGFR,0.5841549002001805,medium,MAPK,RTK
JUN,EGFR,0.5836232306795315,medium,MAPK,RTK
TGFBR1,CASP3,0.5812982719639239,medium,TGFB,APOPTOSIS
STAT3,HER2,0.5763845700726095,medium,JAK_STAT,RTK
TGFBR1,CASP8,0.575110973149481,medium,TGFB,APOPTOSIS
RELA,JUN,0.571811385583418,medium,NFKB,MAPK
CASP3,RAS_H,0.5650307337477491,medium,APOPTOSIS,MAPK
PTEN,HER2,0.5627609219252132,medium,PI3K,RTK
CASP3,MAPK1,0.5609190600412493,medium,APOPTOSIS,MAPK
SMAD2,CASP3,0.559752329689078,medium,TGFB,APOPTOSIS
SMAD4,BCL2,0.558810256306076,medium,TGFB,APOPTOSIS
SMAD2,BAX,0.5585616961867015,medium,TGFB,APOPTOSIS
BCL2,RAS_H,0.5552974355767284,medium,APOPTOSIS,MAPK
BCL2,FOS,0.5551511186774969,medium,APOPTOSIS,MAPK
MAPK1,EGFR,0.5522460520662845,medium,MAPK,RTK
BAX,RAF1,0.5486507069458717,medium,APOPTOSIS,MAPK
CDK1,FOS,0.5480004421377696,medium,CELL_CYCLE,MAPK
SMAD4,CASP3,0.5476147050269352,medium,TGFB,APOPTOSIS
BCL2,MAPK1,0.5456766142898042,medium,APOPTOSIS,MAPK
TGFB1,CASP8,0.5387513055784559,medium,TGFB,APOPTOSIS
SOCS1,HER2,0.5384371209975249,medium,JAK_STAT,RTK
BAX,MAP2K1,0.534633290193087,medium,APOPTOSIS,MAPK
CASP8,MAPK1,0.5290727747593428,medium,APOPTOSIS,MAPK
TP53,MAP2K1,0.5280849356606601,medium,CELL_CYCLE,MAPK
NFKB1,MAPK1,0.5255082579267474,medium,NFKB,MAPK
TRAF6,FOS,0.5206669581664906,medium,NFKB,MAPK
TGFBR1,BAX,0.5198216769522374,medium,TGFB,APOPTOSIS
CCND1,RAS_H,0.5168159595802254,medium,CELL_CYCLE,MAPK
CDK1,MAP2K1,0.5160604651548654,medium,CELL_CYCLE,MAPK
CASP3,RAF1,0.5133686394374581,medium,APOPTOSIS,MAPK
MAP2K1,HER2,0.5132569479181361,medium,MAPK,RTK
BCL2,RAF1,0.5113117438306045,medium,APOPTOSIS,MAPK
NFKB1,RAF1,0.5076078174276025,medium,NFKB,MAPK
MAPK1,HER2,0.5048082606599587,medium,MAPK,RTK
NFKB1,FOS,0.5047869046242616,medium,NFKB,MAPK
CCND1,RAF1,0.4992240915386652,medium,CELL_CYCLE,MAPK
BAX,FOS,0.4988238839321505,medium,APOPTOSIS,MAPK
TP53,RAF1,0.496410384487308,medium,CELL_CYCLE,MAPK
TRAF6,MAP2K1,0.49532383378402434,medium,NFKB,MAPK
CDKN1A,MAP2K1,0.49389213920121605,medium,CELL_CYCLE,MAPK
TCF7,CCND1,0.48792881754275436,medium,WNT,CELL_CYCLE
IKBKB,RAF1,0.48575125958850746,medium,NFKB,MAPK
TGFB1,BAX,0.4835202707043341,medium,TGFB,APOPTOSIS
RAS_H,EGFR,0.48128863676926104,medium,MAPK,RTK
DVL1,CCND1,0.4784205947126659,medium,WNT,CELL_CYCLE
DVL1,CDKN1A,0.4746698839942468,medium,WNT,CELL_CYCLE
SMAD2,BCL2,0.47050558799315745,medium,TGFB,APOPTOSIS
TRAF6,RAS_H,0.4655098908589218,medium,NFKB,MAPK
CDKN1A,MAPK1,0.4653674513242597,medium,CELL_CYCLE,MAPK
CASP3,JUN,0.4630319604661085,medium,APOPTOSIS,MAPK
CASP3,MAP2K1,0.46149792184007243,medium,APOPTOSIS,MAPK
NOTCH1,CDK1,0.4610648849590773,medium,NOTCH,CELL_CYCLE
CASP3,FOS,0.4607356388110746,medium,APOPTOSIS,MAPK
TP53,FOS,0.4603298079632244,medium,CELL_CYCLE,MAPK
TGFB1,CASP3,0.45956926170801704,medium,TGFB,APOPTOSIS
FOS,EGFR,0.4568399469286714,medium,MAPK,RTK
CDKN1A,RAF1,0.45431161752432847,medium,CELL_CYCLE,MAPK
FZD1,CCND1,0.45104605035570117,medium,WNT,CELL_CYCLE
RAF1,EGFR,0.4498630322746733,medium,MAPK,RTK
CTNNB1,CDKN1A,0.44957249085682266,medium,WNT,CELL_CYCLE
NFKB1,RAS_H,0.44800539220582364,medium,NFKB,MAPK
NFKB1,MAP2K1,0.44608328793392377,medium,NFKB,MAPK
TRAF6,RAF1,0.4454904293822029,medium,NFKB,MAPK
IKBKB,RAS_H,0.4452728128266241,medium,NFKB,MAPK
SOCS1,EGFR,0.4422495901262166,medium,JAK_STAT,RTK
RELA,MAP2K1,0.4401463680590174,medium,NFKB,MAPK
CDK1,RAF1,0.4389817059078255,medium,CELL_CYCLE,MAPK
FZD1,TP53,0.43838373881936177,medium,WNT,CELL_CYCLE
SMAD4,BAX,0.4339540514799004,medium,TGFB,APOPTOSIS
TCF7,CDK1,0.4327815146820596,medium,WNT,CELL_CYCLE
NOTCH1,CDKN1A,0.4325212376088406,medium,NOTCH,CELL_CYCLE
CDK1,RAS_H,0.4307674934961581,medium,CELL_CYCLE,MAPK
RELA,RAS_H,0.42511448668336843,medium,NFKB,MAPK
NOTCH1,CCND1,0.424680299261493,medium,NOTCH,CELL_CYCLE
CDK1,JUN,0.42258166411301595,medium,CELL_CYCLE,MAPK
SMAD4,CASP8,0.42187538129417784,medium,TGFB,APOPTOSIS
IKBKB,MAP2K1,0.42140076083521616,medium,NFKB,MAPK
ADAM10,CCND1,0.4144577047157928,medium,NOTCH,CELL_CYCLE
CCND1,JUN,0.4130949633032034,medium,CELL_CYCLE,MAPK
BAX,MAPK1,0.4116339588519557,medium,APOPTOSIS,MAPK
RAS_H,HER2,0.4062428678671408,medium,MAPK,RTK
CCND1,FOS,0.4005673497838795,medium,CELL_CYCLE,MAPK
CASP8,FOS,0.39801498561086623,low,APOPTOSIS,MAPK
JAK1,EGFR,0.39495972189481887,low,JAK_STAT,RTK
CTNNB1,CDK1,0.3914842840829881,low,WNT,CELL_CYCLE
TCF7,CDKN1A,0.39134176463274645,low,WNT,CELL_CYCLE
CASP8,RAF1,0.3893862759179536,low,APOPTOSIS,MAPK
BAX,JUN,0.3888217572376768,low,APOPTOSIS,MAPK
TGFB1,BCL2,0.3852966319689791,low,TGFB,APOPTOSIS
ADAM10,CDK1,0.3831545020809234,low,NOTCH,CELL_CYCLE
TP53,JUN,0.3817834062290861,low,CELL_CYCLE,MAPK
CDKN1A,RAS_H,0.37776268338449825,low,CELL_CYCLE,MAPK
JAK1,HER2,0.36995143726767776,low,JAK_STAT,RTK
WNT1,CDK1,0.3668816056934753,low,WNT,CELL_CYCLE
CDKN1A,FOS,0.36142881525423676,low,CELL_CYCLE,MAPK
CTNNB1,TP53,0.35623429267248263,low,WNT,CELL_CYCLE
STAT3,EGFR,0.35549595829624797,low,JAK_STAT,RTK
DVL1,TP53,0.3493484052469823,low,WNT,CELL_CYCLE
BCL2,MAP2K1,0.34711017622999624,low,APOPTOSIS,MAPK
CDK1,MAPK1,0.3462507977614237,low,CELL_CYCLE,MAPK
CTNNB1,CCND1,0.34413246269051423,low,WNT,CELL_CYCLE
TGFBR1,BCL2,0.33383036989287546,low,TGFB,APOPTOSIS
CASP8,JUN,0.33292058303394534,low,APOPTOSIS,MAPK
TP53,RAS_H,0.33209074487470525,low,CELL_CYCLE,MAPK
ADAM10,CDKN1A,0.33083561392574756,low,NOTCH,CELL_CYCLE
DLL1,CDK1,0.3306033232604425,low,NOTCH,CELL_CYCLE
CDKN1A,JUN,0.32912881268828753,low,CELL_CYCLE,MAPK
BAX,RAS_H,0.32830836463665247,low,APOPTOSIS,MAPK
SMAD2,CASP8,0.3270142804184394,low,TGFB,APOPTOSIS
BCL2,JUN,0.3251123879330908,low,APOPTOSIS,MAPK
CCND1,MAPK1,0.3128236199128578,low,CELL_CYCLE,MAPK
TP53,MAPK1,0.3121342488607974,low,CELL_CYCLE,MAPK
CASP8,MAP2K1,0.30253082984085644,low,APOPTOSIS,MAPK
FOSL1,TNFRSF1A,0.29974690807646776,low,OTHER,OTHER
MYC,PIK3CB,0.2979593590101994,low,OTHER,OTHER
FZD10,FGFR1,0.297295968291873,low,OTHER,OTHER
UBC,HTR2A,0.2963617435615637,low,OTHER,OTHER
FZD8,NOTCH3,0.29524666549401773,low,OTHER,OTHER
UBE2G2,HTR2A,0.29514261218702437,low,OTHER,OTHER
WNT11,UBE2D1,0.29479234309328584,low,OTHER,OTHER
AKT2,FRA2,0.2930249083942843,low,OTHER,OTHER
CDKN2C,CDK2,0.2928740441307901,low,OTHER,OTHER
WNT1,CDKN1A,0.29279116613154516,low,WNT,CELL_CYCLE
E2F3,SUFU,0.2917839481141433,low,OTHER,OTHER
PSEN1,CDKN1A,0.2916914821196579,low,NOTCH,CELL_CYCLE
WNT1,TP53,0.2916784109549446,low,WNT,CELL_CYCLE
IKBKG,MET,0.2914482884220453,low,OTHER,OTHER
DVL3,FZD2,0.2913805835621785,low,OTHER,OTHER
FZD7,FGFR1,0.2912700017981539,low,OTHER,OTHER
JAK2,FZD4,0.29126764589146203,low,OTHER,OTHER
PRKAR2A,MAP2K2,0.2911402552558643,low,OTHER,OTHER
PRKCH,DLL3,0.2895712742376909,low,OTHER,OTHER
DRD2,CASP10,0.2893670227832162,low,OTHER,OTHER
DLL1,CDKN1A,0.2888582892533481,low,NOTCH,CELL_CYCLE
PIK3R1,FOSB,0.28808089319727576,low,OTHER,OTHER
DHH,UBE2D2,0.28739045103538313,low,OTHER,OTHER
STAT5A,BRAF,0.2873538736158115,low,OTHER,OTHER
AKT2,TRAF5,0.28697396114275486,low,OTHER,OTHER
RELB,MAP3K7,0.2854112383796974,low,OTHER,OTHER
WNT3A,STAT1,0.2849253934624378,low,OTHER,OTHER
TCF7,TP53,0.2845306931713184,low,WNT,CELL_CYCLE
FRA1,AKT3,0.2841930890865289,low,OTHER,OTHER
CCNB1,PRKAB1,0.2841798789822361,low,OTHER,OTHER
FZD10,DVL2,0.28229280596957673,low,OTHER,OTHER
FZD7,STAT5B,0.28216049908074115,low,OTHER,OTHER
STAT5A,RET,0.282123934953137,low,OTHER,OTHER
TSC2,UBE2L3,0.2820977520953011,low,OTHER,OTHER
LRP6,E2F1,0.28153833553832786,low,OTHER,OTHER
SMAD5,HER3,0.28124209130578215,low,OTHER,OTHER
FZD5,HTR2B,0.28093253358967935,low,OTHER,OTHER
PRKCE,NOTCH4,0.28080745363575543,low,OTHER,OTHER
JUNB,E2F6,0.2807330916134941,low,OTHER,OTHER
WNT5A,TRAF3,0.28040728050013153,low,OTHER,OTHER
UBA52,CCNB2,0.28024587052054023,low,OTHER,OTHER
MAPK11,HTR7,0.27949575780308267,low,OTHER,OTHER
IGF1R,NFE2L2,0.2790456566422983,low,OTHER,OTHER
MAF,SMAD6,0.2777093562174758,low,OTHER,OTHER
HTR1A,FGFR4,0.2771942135918909,low,OTHER,OTHER
CDKN2A,BIM,0.27716670485387307,low,OTHER,OTHER
MAPK11,WNT9A,0.2769886487718977,low,OTHER,OTHER
JAG2,REL,0.2765052398418498,low,OTHER,OTHER
CDKN2A,IKBKG,0.27561218380921343,low,OTHER,OTHER
ATF2,CASP7,0.2754075859016951,low,OTHER,OTHER
UBE2E2,WNT5B,0.275353656542022,low,OTHER,OTHER
BRAF,ATF3,0.27320613811073446,low,OTHER,OTHER
PRKACG,UBE2G2,0.27103720573056717,low,OTHER,OTHER
WNT10B,NOTCH3,0.2710199905591202,low,OTHER,OTHER
UBE2L3,PIK3R2,0.27090438762196967,low,OTHER,OTHER
TGFB2,CCNB1,0.270336335556076,low,OTHER,OTHER
FZD6,SMAD3,0.26938721637910473,low,OTHER,OTHER
WNT10A,WNT2,0.2691896105469223,low,OTHER,OTHER
CCND2,VEGFR1,0.2673773102321415,low,OTHER,OTHER
CCNA2,PRKCI,0.26730034560194654,low,OTHER,OTHER
STAT1,SHH,0.2670258163924772,low,OTHER,OTHER
PIK3R1,UBA52,0.2663907665678913,low,OTHER,OTHER
UBE2D4,TSC1,0.2661771652787556,low,OTHER,OTHER
WNT5A,JAK3,0.2655580270793222,low,OTHER,OTHER
FGFR1,RPTOR,0.2653346920066005,low,OTHER,OTHER
WNT16,UBE2J2,0.26467419271464887,low,OTHER,OTHER
WNT4,PSEN2,0.26413829888869667,low,OTHER,OTHER
SOCS5,PRKCI,0.26358514070928113,low,OTHER,OTHER
CCNA1,E2F6,0.26295038088060296,low,OTHER,OTHER
ATF6,STAT1,0.2626389418003805,low,OTHER,OTHER
PRKAR2B,WNT8A,0.2612037776724845,low,OTHER,OTHER
DVL3,DHH,0.26032505764439107,low,OTHER,OTHER
MAPK9,CDKN2D,0.25962451139011866,low,OTHER,OTHER
UBE2E1,WNT9B,0.2582184602149306,low,OTHER,OTHER
CCNB2,AKT3,0.25814680073413576,low,OTHER,OTHER
CDKN1B,PIK3CB,0.2581197249566291,low,OTHER,OTHER
ATF7,TYRO3,0.25802549098386096,low,OTHER,OTHER
CREB1,UBE2H,0.2571673586091064,low,OTHER,OTHER
HER4,UBE2D1,0.2557181634851441,low,OTHER,OTHER
ATF6,WNT4,0.25529890755100837,low,OTHER,OTHER
TAB3,PRKAR2B,0.25514984446153954,low,OTHER,OTHER
PSEN1,CCND1,0.25490651954064014,low,NOTCH,CELL_CYCLE
TGFBR2,FZD9,0.25471256711471746,low,OTHER,OTHER
WNT16,UBE2K,0.2543108713253725,low,OTHER,OTHER
DLL1,TP53,0.2540877799208307,low,NOTCH,CELL_CYCLE
DVL1,CDK1,0.2532984090671329,low,WNT,CELL_CYCLE
HTR2B,TSC2,0.2532315733872798,low,OTHER,OTHER
DRD2,WNT3A,0.25311255751056105,low,OTHER,OTHER
FZD6,RPTOR,0.2523513375774966,low,OTHER,OTHER
OPRM1,MAFB,0.25192803048956175,low,OTHER,OTHER
MAFB,SUFU,0.2516881916510837,low,OTHER,OTHER
FGFR4,FZD4,0.2516844088625623,low,OTHER,OTHER
RELB,AKT3,0.2516473808061071,low,OTHER,OTHER
FGFR1,SMAD3,0.2514714919032594,low,OTHER,OTHER
IKBKG,UBE2H,0.25018829112518043,low,OTHER,OTHER
GLI3,APC,0.2493857263557592,low,OTHER,OTHER
SP3,IGF1R,0.2489007351870145,low,OTHER,OTHER
SOCS3,FOSL2,0.248227925910996,low,OTHER,OTHER
SMAD1,E2F7,0.24805066928737807,low,OTHER,OTHER
FOSB,RAS_K,0.24780048869491447,low,OTHER,OTHER
GLI1,OPRM1,0.24693006250553323,low,OTHER,OTHER
MAFB,FZD8,0.2455046678703019,low,OTHER,OTHER
TRAF2,STAT2,0.24539155752023845,low,OTHER,OTHER
SUFU,CDKN2A,0.2451567034324679,low,OTHER,OTHER
DRD4,CDKN1B,0.2447878018918896,low,OTHER,OTHER
MAPK3,TRADD,0.24409900042353086,low,OTHER,OTHER
UBE2J1,PIK3R3,0.24382015159707787,low,OTHER,OTHER
MAPK11,FZD6,0.24357272680596592,low,OTHER,OTHER
ADAM10,TP53,0.24344917128766852,low,NOTCH,CELL_CYCLE
STAT5B,MAPK3,0.24262269668728215,low,OTHER,OTHER
NFKB2,TCF7L1,0.24153674053199128,low,OTHER,OTHER
PDGFR_A,LRP6,0.24149797926225383,low,OTHER,OTHER
TAB1,ATF2,0.24137252773601794,low,OTHER,OTHER
HTR7,CCNB3,0.24037712797884347,low,OTHER,OTHER
TGFBR3,TRAF4,0.240331609258877,low,OTHER,OTHER
PRKCE,REL,0.24010076762590102,low,OTHER,OTHER
FZD1,CDK1,0.2400695648130141,low,WNT,CELL_CYCLE
FADD,IHH,0.24005103800140568,low,OTHER,OTHER
NFKB2,E2F8,0.2400071758667072,low,OTHER,OTHER
STAT6,UBE2G2,0.23978068182202913,low,OTHER,OTHER
CREB1,STAT1,0.23913100451848013,low,OTHER,OTHER
DLL1,CCND1,0.23879035312915936,low,NOTCH,CELL_CYCLE
SP3,RICTOR,0.23876249276579106,low,OTHER,OTHER
PRKAB2,NOTCH2,0.2377726845782269,low,OTHER,OTHER
VEGFR3,PUMA,0.2374696573767842,low,OTHER,OTHER
NOTCH1,TP53,0.23562558650030196,low,NOTCH,CELL_CYCLE
UBB,STAT1,0.23494130238178784,low,OTHER,OTHER
FOSL1,VEGFR2,0.23295263858496404,low,OTHER,OTHER
MAFG,WNT7A,0.2318013324516217,low,OTHER,OTHER
MAP3K7,HTR5A,0.23169625443952604,low,OTHER,OTHER
UBE2E1,UBB,0.23147861621928456,low,OTHER,OTHER
HTR1B,PRKCQ,0.2307393053111224,low,OTHER,OTHER
JAG1,PRKCQ,0.23040193864396258,low,OTHER,OTHER
CCNA1,RPS27A,0.23033396435424158,low,OTHER,OTHER
WNT7B,TGFB3,0.23027711851481322,low,OTHER,OTHER
DRD3,SP1,0.2291001188937828,low,OTHER,OTHER
PSEN2,STAT1,0.22904535557226705,low,OTHER,OTHER
TRAF2,FGFR3,0.22881780832525028,low,OTHER,OTHER
MAPK10,AXIN2,0.22826421928272234,low,OTHER,OTHER
PRKCQ,CCNE1,0.2280757952927131,low,OTHER,OTHER
E2F2,E2F5,0.22791472803264606,low,OTHER,OTHER
TRAF4,PIK3CB,0.22734144298004205,low,OTHER,OTHER
CCNB1,TCF7L2,0.22691876543145742,low,OTHER,OTHER
UBE2D3,FGFR3,0.22637735289245714,low,OTHER,OTHER
OPRD1,E2F8,0.22610579974430817,low,OTHER,OTHER
MAFG,WNT9A,0.22587855318959524,low,OTHER,OTHER
FZD4,NOTCH3,0.2256092914252528,low,OTHER,OTHER
TNFRSF1A,DRD2,0.22554087771253037,low,OTHER,OTHER
NFE2L2,CREB1,0.22526895947665695,low,OTHER,OTHER
HTR2B,HER4,0.22489647293276852,low,OTHER,OTHER
PDGFR_B,ATF1,0.22407049273237467,low,OTHER,OTHER
NOTCH2,AKT2,0.22325319669671576,low,OTHER,OTHER
PSEN1,CDK1,0.22253111495071934,low,NOTCH,CELL_CYCLE
UBE2G1,SOCS4,0.22242698100156028,low,OTHER,OTHER
BAK1,PEN2,0.22236644691132426,low,OTHER,OTHER
ADAM17,CDKN1B,0.2213921777580946,low,OTHER,OTHER
SOCS5,CDKN2C,0.22130970530832159,low,OTHER,OTHER
PRKCQ,FZD10,0.21996453954863648,low,OTHER,OTHER
RPTOR,MAPK14,0.2196736309838255,low,OTHER,OTHER
PSEN1,TP53,0.21918915371329814,low,NOTCH,CELL_CYCLE
WNT1,CCND1,0.21754629251986016,low,WNT,CELL_CYCLE
FRA1,HTR2B,0.21736707296775507,low,OTHER,OTHER
DVL3,WNT8A,0.217180610806853,low,OTHER,OTHER
CCNA2,WNT5B,0.21671276993433405,low,OTHER,OTHER
FGFR1,WNT5B,0.21483859087003315,low,OTHER,OTHER
SMAD8,HTR3A,0.21425120720314364,low,OTHER,OTHER
BIM,UBA52,0.21250290732333418,low,OTHER,OTHER
UBE2E1,ATF3,0.21139298572623236,low,OTHER,OTHER
ARAF,APH1A,0.21016006448206973,low,OTHER,OTHER
PRKCG,SUFU,0.20975988055900396,low,OTHER,OTHER
WNT10A,BCL2L1,0.20828544346566355,low,OTHER,OTHER
TAB1,FZD6,0.20756767618725047,low,OTHER,OTHER
TGFB3,CCND2,0.20637878298878826,low,OTHER,OTHER
FGFR4,JAG1,0.2055768522095915,low,OTHER,OTHER
WNT9B,MYC,0.20517780130180444,low,OTHER,OTHER
ADRB3,AXIN1,0.20409085767315913,low,OTHER,OTHER
FZD5,GLI1,0.2040476060789578,low,OTHER,OTHER
PRKAB1,JUNB,0.20377176669453886,low,OTHER,OTHER
SOCS7,ATF4,0.2030411481218783,low,OTHER,OTHER
FGFR2,SOCS4,0.20301200204506883,low,OTHER,OTHER
MAPK8,UBE2H,0.20243562572747092,low,OTHER,OTHER
VEGFR1,FZD4,0.20223558914365486,low,OTHER,OTHER
IKBKG,CCNB2,0.20161493468484865,low,OTHER,OTHER
UBE2D2,PRKAB2,0.20093948962988042,low,OTHER,OTHER
FZD1,CDKN1A,0.2002879978178,low,WNT,CELL_CYCLE
SUFU,HTR7,0.20001054626510215,low,OTHER,OTHER
DRD4,TAB1,0.19997655318330423,low,OTHER,OTHER
MAF,RAS_N,0.1999749331403955,low,OTHER,OTHER
FRA2,CREB1,0.1990508765485118,low,OTHER,OTHER
STAT5B,MAPK14,0.1989894280333538,low,OTHER,OTHER
WNT7A,MAPK12,0.19790428038850655,low,OTHER,OTHER
STAT5A,SOCS2,0.19641724666449797,low,OTHER,OTHER
TCF7L2,FGFR3,0.1961230136504189,low,OTHER,OTHER
IKBKG,AXIN1,0.19539634768997435,low,OTHER,OTHER
FGFR2,AXIN1,0.19441737186412905,low,OTHER,OTHER
MAPK3,CCND2,0.1941499240180326,low,OTHER,OTHER
GLI1,FADD,0.19244044572279873,low,OTHER,OTHER
STAT2,E2F5,0.19219962808917432,low,OTHER,OTHER
PDGFR_B,VEGFR2,0.19057971078762298,low,OTHER,OTHER
MET,PIK3R2,0.19039137650692944,low,OTHER,OTHER
ADAM17,AKT3,0.18980080631432042,low,OTHER,OTHER
MAPK9,WNT11,0.18972893288331744,low,OTHER,OTHER
PRKAR2B,SOCS7,0.18971625570541265,low,OTHER,OTHER
TAB1,SMAD6,0.18946776749604397,low,OTHER,OTHER
FOSB,NCSTN,0.1884474218176972,low,OTHER,OTHER
CCNE1,HTR1B,0.18678150140037506,low,OTHER,OTHER
DLL4,PRKCI,0.18672999820826558,low,OTHER,OTHER
LRP5,PRKAA2,0.18660663941722494,low,OTHER,OTHER
NOTCH4,UBE2D2,0.18629954136136803,low,OTHER,OTHER
E2F4,PTCH2,0.18533436167310094,low,OTHER,OTHER
ARAF,FOSL2,0.18477658962696003,low,OTHER,OTHER
HTR4,FOSL1,0.18446836240693165,low,OTHER,OTHER
PTCH2,WNT3,0.18442136446117413,low,OTHER,OTHER
PIK3R2,SP3,0.18419923525092738,low,OTHER,OTHER
CDK6,CASP9,0.18321343984173852,low,OTHER,OTHER
PEN2,ATF2,0.1829744174145782,low,OTHER,OTHER
NOTCH4,PIK3R1,0.1824556053396264,low,OTHER,OTHER
UBE2E3,PIK3CD,0.18173042332899056,low,OTHER,OTHER
UBE2I,SP1,0.18117704396437254,low,OTHER,OTHER
PRKCG,MYC,0.18101126200381176,low,OTHER,OTHER
FZD2,UBE2D4,0.18076659679652232,low,OTHER,OTHER
UBE2D3,WNT4,0.18042162377636395,low,OTHER,OTHER
SP3,SP1,0.17970832362950215,low,OTHER,OTHER
PRKAA1,UBE2D1,0.17967325561519648,low,OTHER,OTHER
FADD,SMAD7,0.17958711938060512,low,OTHER,OTHER
WNT6,FGFR1,0.17916890210481867,low,OTHER,OTHER
REL,JUNB,0.1790232883953044,low,OTHER,OTHER
MAP2K2,WNT11,0.17767251780201465,low,OTHER,OTHER
TSC1,MAP2K2,0.1776554532443798,low,OTHER,OTHER
RPTOR,SHH,0.17763861429999986,low,OTHER,OTHER
ATF1,FRA1,0.17735673609099,low,OTHER,OTHER
FGFR4,UBE2I,0.1767884840906669,low,OTHER,OTHER
E2F1,DRD2,0.17645065335281587,low,OTHER,OTHER
MAPK10,AKT2,0.17584724776024677,low,OTHER,OTHER
GLI3,HER4,0.17520366274098392,low,OTHER,OTHER
PRKCE,AKT2,0.1751490323877582,low,OTHER,OTHER
MAPK12,UBB,0.1746380485472149,low,OTHER,OTHER
MAP3K7,PRKCI,0.17403133876754387,low,OTHER,OTHER
E2F7,FZD6,0.17270160171496277,low,OTHER,OTHER
PRKCG,SMO,0.1721534907971588,low,OTHER,OTHER
CCNE2,SP1,0.1720015667504981,low,OTHER,OTHER
PEN2,HER3,0.17132176856998613,low,OTHER,OTHER
DHH,CCNA2,0.17114866542134918,low,OTHER,OTHER
UBB,TNFRSF1B,0.16993094952553028,low,OTHER,OTHER
FGFR3,FGFR2,0.1690776846595792,low,OTHER,OTHER
UBE2L3,TRADD,0.1688282887204327,low,OTHER,OTHER
PRKCD,TCF7L2,0.16854357398767067,low,OTHER,OTHER
AKT2,WNT5A,0.16834251130688366,low,OTHER,OTHER
CCND2,TCF7L1,0.1677518291387603,low,OTHER,OTHER
CCND2,IKBKG,0.16756473382419101,low,OTHER,OTHER
RPS27A,MAP3K7,0.16694331760470846,low,OTHER,OTHER
UBE2L3,DHH,0.1668951571800257,low,OTHER,OTHER
TGFBR3,STAT5B,0.1666964071841128,low,OTHER,OTHER
SMAD6,CDKN2A,0.16591489663048692,low,OTHER,OTHER
STAT5A,UBE2L3,0.165683699225841,low,OTHER,OTHER
SP3,STAT1,0.1654607952113154,low,OTHER,OTHER
FZD10,STAT1,0.1650459732244425,low,OTHER,OTHER
FGFR2,RPTOR,0.16393765328012544,low,OTHER,OTHER
CCND2,HTR1B,0.16343697322150355,low,OTHER,OTHER
FOSB,HTR5A,0.16322294308463117,low,OTHER,OTHER
TAB1,TNFRSF1B,0.16249373469628492,low,OTHER,OTHER
PDGFR_B,PRKCI,0.1624004798984374,low,OTHER,OTHER
FZD4,ATF1,0.1615500094440314,low,OTHER,OTHER
PRKAB2,SMAD9,0.16148776144954588,low,OTHER,OTHER
PTCH2,BAK1,0.16082420282266027,low,OTHER,OTHER
SMAD1,PRKAR2A,0.15805808152967335,low,OTHER,OTHER
CASP9,PRKCG,0.15693999952490692,low,OTHER,OTHER
WNT10A,PRKAR2B,0.15661366021540937,low,OTHER,OTHER
DRD3,UBE2L3,0.15363616106374756,low,OTHER,OTHER
WNT7A,FOSL1,0.15344950903613383,low,OTHER,OTHER
UBE2L6,MAPK3,0.152439020274283,low,OTHER,OTHER
HER3,WNT4,0.15222033682642483,low,OTHER,OTHER
PRKCQ,CDKN1B,0.15188352619700565,low,OTHER,OTHER
SMAD7,MAF,0.15098612459522576,low,OTHER,OTHER
RICTOR,NOTCH2,0.15069775133033037,low,OTHER,OTHER
DRD3,UBE2D2,0.1503449097241091,low,OTHER,OTHER
UBB,PTCH1,0.14952531466051117,low,OTHER,OTHER
MAPK3,SP3,0.14920838244253942,low,OTHER,OTHER
UBE2J1,SMO,0.1489011538866218,low,OTHER,OTHER
TAB2,TYK2,0.1467686188727104,low,OTHER,OTHER
TGFB3,WNT2,0.14639417975100005,low,OTHER,OTHER
RAS_N,PRKAB2,0.14545577597575374,low,OTHER,OTHER
NFKB2,MAFB,0.14545364171759864,low,OTHER,OTHER
MAP2K2,WNT8A,0.14444380024248743,low,OTHER,OTHER
ATF5,MAP2K2,0.14401540833840312,low,OTHER,OTHER
GLI2,STAT1,0.14145341548068208,low,OTHER,OTHER
LRP6,UBE2D2,0.14138832722746605,low,OTHER,OTHER
ROS1,BCL2L2,0.140560971602271,low,OTHER,OTHER
E2F6,STAT1,0.14022373768627033,low,OTHER,OTHER
NFKB2,E2F4,0.14015939649306122,low,OTHER,OTHER
MAPK12,GLI2,0.13998868831762168,low,OTHER,OTHER
TGFBR2,DRD1,0.13974852230182983,low,OTHER,OTHER
UBE2I,MERTK,0.13947853262185286,low,OTHER,OTHER
WNT4,FGFR4,0.13906502379293703,low,OTHER,OTHER
WNT6,REL,0.13712451803248418,low,OTHER,OTHER
WNT2,MAPK8,0.13678313335198836,low,OTHER,OTHER
PIK3R1,DHH,0.135875497610297,low,OTHER,OTHER
STAT2,UBE2G1,0.13526330655864519,low,OTHER,OTHER
JAK3,DLL4,0.13338167566015216,low,OTHER,OTHER
PIK3R2,BCL2L2,0.13320817655930017,low,OTHER,OTHER
STAT5A,PRKCH,0.13197722342071855,low,OTHER,OTHER
PSEN2,FZD7,0.13157264440437288,low,OTHER,OTHER
WNT7A,E2F8,0.13149895672795894,low,OTHER,OTHER
PIK3R2,CCNA2,0.1306382717596882,low,OTHER,OTHER
BAK1,APC,0.12935989141729606,low,OTHER,OTHER
UBE2L6,TRADD,0.1288591774654309,low,OTHER,OTHER
E2F4,SP1,0.12884818834119782,low,OTHER,OTHER
BAD,TCF7L2,0.128688346281249,low,OTHER,OTHER
ATF1,TAB1,0.12849217351337722,low,OTHER,OTHER
TRAF2,PIK3CB,0.1277632629390082,low,OTHER,OTHER
CDK6,FGFR3,0.12775758002902268,low,OTHER,OTHER
DRD3,HTR1A,0.1270625375633789,low,OTHER,OTHER
FOSB,DLL4,0.126133667306653,low,OTHER,OTHER
RET,FZD2,0.12555676035930877,low,OTHER,OTHER
ATF7,GLI2,0.1255391282830441,low,OTHER,OTHER
UBE2E3,FZD9,0.12531832480366514,low,OTHER,OTHER
JUNB,DRD1,0.12504520972119482,low,OTHER,OTHER
CDKN2D,SMAD6,0.12336788176779542,low,OTHER,OTHER
MAF,FGFR3,0.12279072815362833,low,OTHER,OTHER
REL,WNT7B,0.12263460532637603,low,OTHER,OTHER
JUND,DRD3,0.12257932880955076,low,OTHER,OTHER
PRKACB,PRKCD,0.12183639613942691,low,OTHER,OTHER
APH1B,IKBKG,0.12101761243725603,low,OTHER,OTHER
TSC2,PIK3CB,0.12015094775074288,low,OTHER,OTHER
NOXA,OPRD1,0.11934652699618516,low,OTHER,OTHER
WNT9A,UBE2D1,0.1192924128242242,low,OTHER,OTHER
MAFB,LRP5,0.11899001053673756,low,OTHER,OTHER
DLL3,E2F1,0.11798475800217031,low,OTHER,OTHER
E2F3,MAPK11,0.1163482348138991,low,OTHER,OTHER
APH1A,NOTCH2,0.11555381628470113,low,OTHER,OTHER
VEGFR2,OPRM1,0.11527546203882584,low,OTHER,OTHER
BCL2L2,FZD2,0.11350598927189104,low,OTHER,OTHER
PUMA,PSEN2,0.11342038254431934,low,OTHER,OTHER
FOSB,RPTOR,0.11335806413269396,low,OTHER,OTHER
PRKCQ,AKT2,0.112179554337872,low,OTHER,OTHER
GLI2,SMAD5,0.11141947568891149,low,OTHER,OTHER
GLI2,FGFR2,0.11072184186842478,low,OTHER,OTHER
DVL3,BCL2L2,0.11054803326023839,low,OTHER,OTHER
FZD9,CDKN1B,0.1103259549565139,low,OTHER,OTHER
WNT11,PEN2,0.10988783500169419,low,OTHER,OTHER
VEGFR3,WNT7A,0.10927315333868767,low,OTHER,OTHER
MERTK,VEGFR1,0.10829960431758637,low,OTHER,OTHER
CDK4,DLL3,0.10708101127497724,low,OTHER,OTHER
AXIN2,DRD2,0.10566520512041155,low,OTHER,OTHER
CASP7,GLI2,0.1056205657524024,low,OTHER,OTHER
CASP7,PRKAR2B,0.10529209043220979,low,OTHER,OTHER
UBE2D2,VEGFR1,0.10473343521212969,low,OTHER,OTHER
FZD2,CCNE2,0.10458358477666638,low,OTHER,OTHER
PRKAB1,TSC2,0.10384611125250713,low,OTHER,OTHER
DHH,CCND2,0.10307596874157633,low,OTHER,OTHER
SP3,PRKAA1,0.10281661664704238,low,OTHER,OTHER
MAPK14,MAPK8,0.10231882160019429,low,OTHER,OTHER
RAS_N,VEGFR3,0.1017539186691044,low,OTHER,OTHER
MET,PTCH2,0.10170187251523316,low,OTHER,OTHER
UBE2L6,CCNB3,0.10158381840115992,low,OTHER,OTHER
SMAD1,TGFB3,0.10063654662498028,low,OTHER,OTHER
TGFB2,GLI2,0.10049640216478957,low,OTHER,OTHER
CDKN2A,SMAD3,0.09985887571786103,low,OTHER,OTHER
DRD5,BID,0.09946900914455231,low,OTHER,OTHER
ATF3,DLL3,0.09933388962488895,low,OTHER,OTHER
PRKAB1,MAFB,0.09913839346897838,low,OTHER,OTHER
GLI2,PRKCH,0.09911792188373274,low,OTHER,OTHER
TAB2,HTR2A,0.09909918293771801,low,OTHER,OTHER
HER4,JUNB,0.0990281227897143,low,OTHER,OTHER
ATF6,GLI1,0.09885404326777707,low,OTHER,OTHER
ROS1,NOTCH4,0.09846939395861473,low,OTHER,OTHER
MET,VEGFR1,0.09741405430982758,low,OTHER,OTHER
HTR4,WNT4,0.09680768930562919,low,OTHER,OTHER
CCNE2,IHH,0.09554572709914935,low,OTHER,OTHER
PIK3R2,TNFRSF1A,0.09496051568655414,low,OTHER,OTHER
BAK1,UBA52,0.0949073142420985,low,OTHER,OTHER
MAFK,AXIN1,0.0948358354044909,low,OTHER,OTHER
TYRO3,JAK2,0.09410457023718025,low,OTHER,OTHER
FOSB,SMAD9,0.09380282538592628,low,OTHER,OTHER
PEN2,WNT5A,0.09368193534858894,low,OTHER,OTHER
PSEN2,UBE2G1,0.09234975845131628,low,OTHER,OTHER
PRKAA1,DRD2,0.09218804877284673,low,OTHER,OTHER
FADD,PTCH1,0.09218123025284221,low,OTHER,OTHER
GLI2,WNT10B,0.09180009757038234,low,OTHER,OTHER
CDK4,SMAD7,0.09054288580814862,low,OTHER,OTHER
NFKB2,RPS27A,0.09031125205364479,low,OTHER,OTHER
SOCS3,UBE2G1,0.08998188698163409,low,OTHER,OTHER
PRKAR2B,ARAF,0.08977965030167546,low,OTHER,OTHER
UBE2I,TRAF5,0.0895531052737765,low,OTHER,OTHER
NCSTN,WNT11,0.08850955201429953,low,OTHER,OTHER
WNT3A,PDGFR_A,0.08787397496259923,low,OTHER,OTHER
PRKAA2,ATF6,0.08710579497812043,low,OTHER,OTHER
APH1B,HTR2B,0.0867056317156289,low,OTHER,OTHER
PSEN2,PDGFR_B,0.08657704108495916,low,OTHER,OTHER
WNT3A,PIK3CD,0.08635616566084624,low,OTHER,OTHER
CCNE1,BID,0.08528322640718293,low,OTHER,OTHER
TRAF1,ATF7,0.08505719212334098,low,OTHER,OTHER
MAPK11,PRKAA1,0.08311554442750045,low,OTHER,OTHER
STAT5A,APH1B,0.08222194020467241,low,OTHER,OTHER
PIK3CB,JAK3,0.08173506240095281,low,OTHER,OTHER
GLI2,UBA52,0.08103371651308858,low,OTHER,OTHER
MAPK14,PRKCE,0.08058455265762529,low,OTHER,OTHER
MAFG,TSC2,0.07980354011812779,low,OTHER,OTHER
OPRM1,NOTCH3,0.07949731878485158,low,OTHER,OTHER
UBE2E3,ATF6,0.07938908176262431,low,OTHER,OTHER
HER4,E2F2,0.07771550088338307,low,OTHER,OTHER
PTCH1,MAPK13,0.07743897078978594,low,OTHER,OTHER
UBE2E3,SHH,0.0770156352493652,low,OTHER,OTHER
PRKAA1,DRD5,0.07696859664247305,low,OTHER,OTHER
CCNE1,NFE2L2,0.07608376039160368,low,OTHER,OTHER
WNT4,FRA1,0.07594643957170769,low,OTHER,OTHER
HTR6,TAB3,0.07510032922678471,low,OTHER,OTHER
E2F7,CCNE1,0.07480249433168894,low,OTHER,OTHER
FGFR3,HTR2C,0.07360864843281491,low,OTHER,OTHER
CDKN2B,SMAD5,0.07248190753342462,low,OTHER,OTHER
MYC,TNFRSF1B,0.07238254729342124,low,OTHER,OTHER
UBC,DLL3,0.07220214609966899,low,OTHER,OTHER
DRD5,HER3,0.07172767894952026,low,OTHER,OTHER
APH1A,MERTK,0.07087681310748532,low,OTHER,OTHER
UBE2E2,SHH,0.07060588004020345,low,OTHER,OTHER
PRKAR1B,UBE2L3,0.07047388063701984,low,OTHER,OTHER
JUNB,CCNE2,0.06981478598426072,low,OTHER,OTHER
RICTOR,BRAF,0.06974957822173294,low,OTHER,OTHER
CCNE2,PRKCG,0.0696360576148573,low,OTHER,OTHER
HTR6,PRKCD,0.06960846408478354,low,OTHER,OTHER
SMO,UBE2G2,0.06935896875833233,low,OTHER,OTHER
MAPK12,PIK3R3,0.0692162184920564,low,OTHER,OTHER
IKBKG,JUND,0.06783725124141324,low,OTHER,OTHER
NFE2L2,MAFG,0.06692678394016903,low,OTHER,OTHER
CASP7,TRAF1,0.06686126306942358,low,OTHER,OTHER
MERTK,PEN2,0.06661835958209193,low,OTHER,OTHER
AKT3,CCNB1,0.06597040190300948,low,OTHER,OTHER
UBE2L3,FGFR4,0.06402401572492583,low,OTHER,OTHER
PRKCE,WNT6,0.06383498225201358,low,OTHER,OTHER
SOCS4,E2F5,0.06334680126332648,low,OTHER,OTHER
NFKB2,WNT3,0.0632634665411585,low,OTHER,OTHER
PIK3R1,MAPK3,0.06284531102012574,low,OTHER,OTHER
HTR5A,TRAF2,0.0626463899422129,low,OTHER,OTHER
AKT2,HTR1B,0.061953532782220634,low,OTHER,OTHER
ROS1,ATF5,0.059782901603518665,low,OTHER,OTHER
CDK2,CDK6,0.05958106497283239,low,OTHER,OTHER
E2F6,CDKN1B,0.05950951209629162,low,OTHER,OTHER
SOCS6,SOCS5,0.05935834429159625,low,OTHER,OTHER
APH1A,PIK3CD,0.05820500123083491,low,OTHER,OTHER
UBE2E2,CASP10,0.05780205948096668,low,OTHER,OTHER
UBE2D4,E2F4,0.05756408891502124,low,OTHER,OTHER
UBE2H,FZD5,0.05732275115444037,low,OTHER,OTHER
LRP6,MAPK11,0.0566893812000862,low,OTHER,OTHER
RAS_N,AXIN2,0.05496523665270926,low,OTHER,OTHER
WNT6,TAB3,0.05352355727632146,low,OTHER,OTHER
SMAD6,VEGFR3,0.05331942370818374,low,OTHER,OTHER
MAFG,VEGFR2,0.053299693825729536,low,OTHER,OTHER
SOCS5,HER3,0.05329462579400834,low,OTHER,OTHER
CASP7,TRAF3,0.0528640188461502,low,OTHER,OTHER
TGFBR3,DRD4,0.052734429607323254,low,OTHER,OTHER
SMAD7,PRKCG,0.05126050806894326,low,OTHER,OTHER
ADRB3,TRADD,0.05111138022203188,low,OTHER,OTHER
WNT9A,SMAD5,0.05027047812043267,low,OTHER,OTHER
BCL2L1,MAPK13,0.050126086353250617,low,OTHER,OTHER
HER4,MAF,0.04990452808158837,low,OTHER,OTHER
CDKN2A,MYC,0.048856058254249095,low,OTHER,OTHER
PRKAB2,UBE2D3,0.04863967620668884,low,OTHER,OTHER
E2F2,UBE2L6,0.04680149593971098,low,OTHER,OTHER
TRAF5,TCF7L1,0.04669559393277031,low,OTHER,OTHER
CHUK,WNT7B,0.046410680772625716,low,OTHER,OTHER
TRAF3,CCNB1,0.04516614877113176,low,OTHER,OTHER
DRD1,WNT10B,0.044007823057177785,low,OTHER,OTHER
ATF1,UBE2H,0.04386587629904485,low,OTHER,OTHER
ROS1,MERTK,0.04276958810535654,low,OTHER,OTHER
TCF7L1,CHUK,0.04263792298120639,low,OTHER,OTHER
TYRO3,ADRB2,0.04252800467599199,low,OTHER,OTHER
BAK1,CCNB2,0.04246455953163526,low,OTHER,OTHER
WNT5B,CDKN2B,0.04108303285536239,low,OTHER,OTHER
ADRB2,WNT3,0.04067292191704497,low,OTHER,OTHER
PRKACG,HTR1A,0.03944287805591802,low,OTHER,OTHER
MAPK10,PRKAA2,0.03931185114732665,low,OTHER,OTHER
PRKCE,STAT2,0.03891438732935178,low,OTHER,OTHER
PRKACG,TAB3,0.03864929792939076,low,OTHER,OTHER
HTR1B,GLI2,0.038571430956810544,low,OTHER,OTHER
WNT8A,HTR2A,0.03769225386517086,low,OTHER,OTHER
CCNE1,FZD2,0.03760790276705327,low,OTHER,OTHER
HTR1A,MAP2K2,0.03594497914761633,low,OTHER,OTHER
BIM,WNT6,0.035938379416895476,low,OTHER,OTHER
PEN2,CASP10,0.03593477824420627,low,OTHER,OTHER
TNFRSF1B,PRKCG,0.03541047933112077,low,OTHER,OTHER
AKT2,WNT9A,0.03519538825393273,low,OTHER,OTHER
APH1A,UBE2L6,0.03411230685871546,low,OTHER,OTHER
SHH,ATF2,0.0339197611777115,low,OTHER,OTHER
FZD9,CASP10,0.03265730006723235,low,OTHER,OTHER
UBE2J2,WNT4,0.030322748837321674,low,OTHER,OTHER
PRKAB2,E2F1,0.029906696541203336,low,OTHER,OTHER
MAPK8,ATF3,0.02930243258084613,low,OTHER,OTHER
CREB1,BCL2L2,0.029225033944173827,low,OTHER,OTHER
SOCS7,PRKCQ,0.02912793952162033,low,OTHER,OTHER
PDGFR_B,FZD5,0.02911623902158894,low,OTHER,OTHER
NOTCH4,FZD2,0.02811977334213054,low,OTHER,OTHER
FZD5,HER4,0.028092507880635303,low,OTHER,OTHER
FZD6,HTR4,0.02729597628727211,low,OTHER,OTHER
SMAD7,RAS_N,0.02725419797153325,low,OTHER,OTHER
UBE2H,MET,0.025596810763503484,low,OTHER,OTHER
RPTOR,UBE2E2,0.024777734280951695,low,OTHER,OTHER
FOSL2,UBE2J2,0.023220282319154892,low,OTHER,OTHER
SOCS6,DLL3,0.020627637033740494,low,OTHER,OTHER
PIK3R3,HTR1B,0.020279349951457096,low,OTHER,OTHER
UBE2J1,BRAF,0.020138957716952174,low,OTHER,OTHER
UBE2D1,WNT6,0.019767401918431723,low,OTHER,OTHER
WNT9A,ROS1,0.019221284482043046,low,OTHER,OTHER
FOSL2,PRKCI,0.01912856894934055,low,OTHER,OTHER
MAFG,TRAF2,0.0187072689636083,low,OTHER,OTHER
JUNB,MAPK9,0.018591167673632572,low,OTHER,OTHER
MAPK10,PRKAB1,0.018515869601894518,low,OTHER,OTHER
STAT5A,FOSL2,0.01816677026704471,low,OTHER,OTHER
PIK3R2,E2F1,0.01797220848673726,low,OTHER,OTHER
CDKN2C,VEGFR2,0.01753909007887331,low,OTHER,OTHER
UBE2G1,HER4,0.01671136996222336,low,OTHER,OTHER
FZD3,RICTOR,0.016563806884281242,low,OTHER,OTHER
UBE2D3,PRKAR1A,0.016262169130939252,low,OTHER,OTHER
STAT6,HTR6,0.01570727598974972,low,OTHER,OTHER
SOCS6,HTR4,0.015242673483204176,low,OTHER,OTHER
BCL2L2,DLL3,0.015013344617460159,low,OTHER,OTHER
JAG1,BID,0.014362972904628764,low,OTHER,OTHER
DVL2,SOCS6,0.014056746191190702,low,OTHER,OTHER
MAFG,ATF4,0.01403812244926413,low,OTHER,OTHER
JAK2,CASP10,0.013343220534547855,low,OTHER,OTHER
SMAD8,ARAF,0.013026217535881223,low,OTHER,OTHER
ATF6,FGFR1,0.012442167367422433,low,OTHER,OTHER
CDKN2C,SMAD6,0.011984637350781063,low,OTHER,OTHER
CASP7,FZD4,0.011819444031217515,low,OTHER,OTHER
AXIN1,MAPK14,0.011116165245413673,low,OTHER,OTHER
AKT2,IGF1R,0.010974019614501382,low,OTHER,OTHER
MAPK11,MAPK12,0.01091067704928647,low,OTHER,OTHER
JAG1,APH1A,0.010573718083487867,low,OTHER,OTHER
BAK1,CDKN2A,0.01043212693041767,low,OTHER,OTHER
TAB1,PIK3R3,0.010237939225232407,low,OTHER,OTHER
